/*
SQLyog Community v13.3.0 (64 bit)
MySQL - 10.4.25-MariaDB : Database - mealstop_db
*********************************************************************
*/

/*!40101 SET NAMES utf8 */;

/*!40101 SET SQL_MODE=''*/;

/*!40014 SET @OLD_UNIQUE_CHECKS=@@UNIQUE_CHECKS, UNIQUE_CHECKS=0 */;
/*!40014 SET @OLD_FOREIGN_KEY_CHECKS=@@FOREIGN_KEY_CHECKS, FOREIGN_KEY_CHECKS=0 */;
/*!40101 SET @OLD_SQL_MODE=@@SQL_MODE, SQL_MODE='NO_AUTO_VALUE_ON_ZERO' */;
/*!40111 SET @OLD_SQL_NOTES=@@SQL_NOTES, SQL_NOTES=0 */;
CREATE DATABASE /*!32312 IF NOT EXISTS*/`mealstop_db` /*!40100 DEFAULT CHARACTER SET utf8mb4 */;

USE `mealstop_db`;

/*Table structure for table `admin_password` */

DROP TABLE IF EXISTS `admin_password`;

CREATE TABLE `admin_password` (
  `PasswordID` int(11) NOT NULL AUTO_INCREMENT,
  `PasswordHash` varchar(255) NOT NULL,
  `CreatedAt` datetime DEFAULT current_timestamp(),
  PRIMARY KEY (`PasswordID`)
) ENGINE=InnoDB AUTO_INCREMENT=2 DEFAULT CHARSET=utf8mb4;

/*Data for the table `admin_password` */

insert  into `admin_password`(`PasswordID`,`PasswordHash`,`CreatedAt`) values 
(1,'ac9689e2272427085e35b9d3e3e8bed88cb3434828b43b86fc0596cad4c6e270','2024-12-01 11:37:10');

/*Table structure for table `dailymeals` */

DROP TABLE IF EXISTS `dailymeals`;

CREATE TABLE `dailymeals` (
  `DailyMealID` int(11) NOT NULL AUTO_INCREMENT,
  `MealCode` varchar(50) NOT NULL,
  `MealName` varchar(100) NOT NULL,
  `DateAdded` date NOT NULL,
  PRIMARY KEY (`DailyMealID`),
  KEY `MealCode` (`MealCode`),
  CONSTRAINT `dailymeals_ibfk_1` FOREIGN KEY (`MealCode`) REFERENCES `meals` (`MealCode`)
) ENGINE=InnoDB AUTO_INCREMENT=192 DEFAULT CHARSET=utf8mb4;

/*Data for the table `dailymeals` */

insert  into `dailymeals`(`DailyMealID`,`MealCode`,`MealName`,`DateAdded`) values 
(1,'Pork1','Adobo','2024-12-07'),
(2,'PorkSteak','Pork Steak','2024-12-15'),
(3,'adobo01','Adovo','2024-12-15'),
(4,'Nilagangbaboy','Nilaga','2024-12-15'),
(5,'Sinabawangisda','isda sinabawan','2024-12-15'),
(6,'pakbet','pakbet gulay','2024-12-15'),
(7,'PorkSteak','Pork Steak','2024-12-16'),
(8,'Sinabawangisda','isda sinabawan','2024-12-16'),
(9,'gabigulay','gabi','2024-12-16'),
(10,'ssfish','sweet and sour','2024-12-16'),
(11,'rice25klg','rice','2024-12-16'),
(12,'Bclexpress','Bicol Express','2024-12-16'),
(13,'pakbet','pakbet gulay','2024-12-16'),
(14,'Igado','igado','2024-12-16'),
(15,'menudo1','Menudo','2024-12-16'),
(16,'Nilagangbaboy','Nilaga','2024-12-16'),
(17,'langka','langka gulay','2024-12-16'),
(18,'pakbet','pakbet gulay','2024-12-17'),
(19,'PorkSteak','Pork Steak','2024-12-17'),
(20,'rice25klg','rice','2024-12-17'),
(21,'Nilagangbaboy','Nilaga','2024-12-17'),
(22,'Sinabawangisda','isda sinabawan','2024-12-17'),
(23,'Bclexpress','Bicol Express','2024-12-17'),
(24,'ssfish','sweet and sour','2024-12-17'),
(25,'adobo01','Adobo','2024-12-17'),
(26,'gabigulay','gabi','2024-12-17'),
(27,'Igado','igado','2024-12-19'),
(28,'rice25klg','rice','2024-12-19'),
(29,'Nilagangbaboy','Nilaga','2024-12-19'),
(30,'Sinabawangisda','isda sinabawan','2024-12-19'),
(31,'pakbet','pakbet gulay','2024-12-19'),
(32,'PorkSteak','Pork Steak','2024-12-19'),
(33,'menudo1','Menudo','2024-12-19'),
(34,'ck','fried chicken','2024-12-19'),
(35,'Bclexpress','Bicol Express','2024-12-19'),
(36,'ffx3parts','fried fish','2024-12-19'),
(37,'adobo01','Adobo','2024-12-19'),
(38,'Igado','igado','2024-12-30'),
(39,'gabigulay','gabi','2024-12-30'),
(40,'menudo1','Menudo','2024-12-30'),
(41,'ck','fried chicken','2024-12-30'),
(42,'rice25klg','rice','2024-12-30'),
(43,'langka','langka gulay','2024-12-30'),
(44,'ffx3parts','fried fish','2024-12-30'),
(45,'Sinabawangisda','isda sinabawan','2024-12-30'),
(46,'PorkSteak','Pork Steak','2024-12-30'),
(47,'Nilagangbaboy','Nilaga','2024-12-30'),
(48,'Igado','igado','2025-01-01'),
(49,'PorkSteak','Pork Steak','2025-01-01'),
(50,'pakbet','pakbet gulay','2025-01-01'),
(51,'amp','ampalaya','2025-01-01'),
(52,'Sinabawangisda','isda sinabawan','2025-01-01'),
(53,'adobo01','Adobo','2025-01-01'),
(54,'rice25klg','rice','2025-01-01'),
(55,'PorkSteak','Pork Steak','2025-01-03'),
(56,'adobo01','Adobo','2025-01-03'),
(57,'Nilagangbaboy','Nilaga','2025-01-03'),
(58,'rice25klg','rice','2025-01-03'),
(59,'ck','fried chicken','2025-01-03'),
(60,'amp','ampalaya','2025-01-03'),
(61,'ssfish','sweet and sour','2025-01-03'),
(62,'Sinabawangisda','isda sinabawan','2025-01-03'),
(63,'Bclexpress','Bicol Express','2025-01-03'),
(64,'gabigulay','gabi','2025-01-03'),
(65,'PorkSteak','Pork Steak','2025-01-04'),
(66,'Nilagangbaboy','Nilaga','2025-01-04'),
(67,'Sinabawangisda','isda sinabawan','2025-01-04'),
(68,'rice25klg','rice','2025-01-04'),
(69,'ck','fried chicken','2025-01-04'),
(70,'amp','ampalaya','2025-01-04'),
(71,'menudo1','Menudo','2025-01-04'),
(72,'langka','langka gulay','2025-01-04'),
(73,'gabigulay','gabi','2025-01-04'),
(74,'PorkSteak','Pork Steak','2025-01-05'),
(75,'adobo01','Adobo','2025-01-05'),
(76,'pakbet','pakbet gulay','2025-01-05'),
(77,'Sinabawangisda','isda sinabawan','2025-01-05'),
(78,'Nilagangbaboy','Nilaga','2025-01-05'),
(79,'Bclexpress','Bicol Express','2025-01-05'),
(80,'ck','fried chicken','2025-01-05'),
(81,'amp','ampalaya','2025-01-05'),
(82,'rice25klg','rice','2025-01-05'),
(83,'langka','langka gulay','2025-01-06'),
(84,'Nilagangbaboy','Nilaga','2025-01-06'),
(85,'Igado','igado','2025-01-06'),
(86,'adobo01','Adobo','2025-01-06'),
(87,'pakbet','pakbet gulay','2025-01-06'),
(88,'Sinabawangisda','isda sinabawan','2025-01-06'),
(89,'Bclexpress','Bicol Express','2025-01-06'),
(90,'menudo1','Menudo','2025-01-06'),
(91,'ck','fried chicken','2025-01-06'),
(92,'amp','ampalaya','2025-01-06'),
(93,'rice25klg','rice','2025-01-06'),
(94,'PorkSteak','Pork Steak','2025-01-08'),
(95,'Igado','igado','2025-01-08'),
(96,'adobo01','Adobo','2025-01-08'),
(97,'pakbet','pakbet gulay','2025-01-08'),
(98,'Nilagangbaboy','Nilaga','2025-01-08'),
(99,'Sinabawangisda','isda sinabawan','2025-01-08'),
(100,'ffx3parts','fried fish','2025-01-08'),
(101,'gabigulay','gabi','2025-01-08'),
(102,'Bclexpress','Bicol Express','2025-01-08'),
(103,'menudo1','Menudo','2025-01-08'),
(104,'ck','fried chicken','2025-01-08'),
(105,'amp','ampalaya','2025-01-08'),
(106,'rice25klg','rice','2025-01-08'),
(107,'PorkSteak','Pork Steak','2025-01-10'),
(108,'Igado','igado','2025-01-10'),
(109,'pakbet','pakbet gulay','2025-01-10'),
(110,'langka','langka gulay','2025-01-10'),
(111,'Sinabawangisda','isda sinabawan','2025-01-10'),
(112,'Nilagangbaboy','Nilaga','2025-01-10'),
(113,'gabigulay','gabi','2025-01-10'),
(114,'Bclexpress','Bicol Express','2025-01-10'),
(115,'rice25klg','rice','2025-01-10'),
(116,'amp','ampalaya','2025-01-10'),
(117,'PorkSteak','Pork Steak','2025-01-12'),
(118,'adobo01','Adobo','2025-01-12'),
(119,'pakbet','pakbet gulay','2025-01-12'),
(120,'Nilagangbaboy','Nilaga','2025-01-12'),
(121,'menudo1','Menudo','2025-01-12'),
(122,'Sinabawangisda','isda sinabawan','2025-01-12'),
(123,'Bclexpress','Bicol Express','2025-01-12'),
(124,'ck','fried chicken','2025-01-12'),
(125,'gabigulay','gabi','2025-01-12'),
(126,'rice25klg','rice','2025-01-12'),
(127,'PorkSteak','Pork Steak','2025-01-13'),
(128,'adobo01','Adobo','2025-01-13'),
(129,'Igado','igado','2025-01-13'),
(130,'langka','langka gulay','2025-01-13'),
(131,'ssfish','sweet and sour','2025-01-13'),
(132,'gabigulay','gabi','2025-01-13'),
(133,'Nilagangbaboy','Nilaga','2025-01-13'),
(134,'Sinabawangisda','isda sinabawan','2025-01-13'),
(135,'rice25klg','rice','2025-01-13'),
(136,'Bclexpress','Bicol Express','2025-01-13'),
(137,'ck','fried chicken','2025-01-13'),
(138,'PorkSteak','Pork Steak','2025-01-14'),
(139,'adobo01','Adobo','2025-01-14'),
(140,'pakbet','pakbet gulay','2025-01-14'),
(141,'Nilagangbaboy','Nilaga','2025-01-14'),
(142,'Bclexpress','Bicol Express','2025-01-14'),
(143,'menudo1','Menudo','2025-01-14'),
(144,'Dinuguan','Dinuguan','2025-01-14'),
(145,'amp','ampalaya','2025-01-14'),
(146,'ck','fried chicken','2025-01-14'),
(147,'rice25klg','rice','2025-01-14'),
(148,'Sinabawangisda','isda sinabawan','2025-01-14'),
(149,'ssfish','sweet and sour','2025-01-14'),
(150,'Igado','igado','2025-01-14'),
(151,'PorkSteak','Pork Steak','2025-01-15'),
(152,'Igado','igado','2025-01-15'),
(153,'pakbet','pakbet gulay','2025-01-15'),
(154,'langka','langka gulay','2025-01-15'),
(155,'gabigulay','gabi','2025-01-15'),
(156,'Sinabawangisda','isda sinabawan','2025-01-15'),
(157,'Nilagangbaboy','Nilaga','2025-01-15'),
(158,'Bclexpress','Bicol Express','2025-01-15'),
(159,'Dinuguan','Dinuguan','2025-01-15'),
(160,'ck','fried chicken','2025-01-15'),
(161,'rice25klg','rice','2025-01-15'),
(162,'PorkSteak','Pork Steak','2025-01-16'),
(163,'Igado','igado','2025-01-16'),
(164,'adobo01','Adobo','2025-01-16'),
(165,'Nilagangbaboy','Nilaga','2025-01-16'),
(166,'Sinabawangisda','isda sinabawan','2025-01-16'),
(167,'ssfish','sweet and sour','2025-01-16'),
(168,'Bclexpress','Bicol Express','2025-01-16'),
(169,'rice25klg','rice','2025-01-16'),
(170,'Dinuguan','Dinuguan','2025-01-16'),
(171,'pakbet','pakbet gulay','2025-01-16'),
(172,'gabigulay','gabi','2025-01-16'),
(173,'ck','fried chicken','2025-01-16'),
(174,'PorkSteak','Pork Steak','2025-01-17'),
(175,'Igado','igado','2025-01-17'),
(176,'adobo01','Adobo','2025-01-17'),
(177,'menudo1','Menudo','2025-01-17'),
(178,'pakbet','pakbet gulay','2025-01-17'),
(179,'Nilagangbaboy','Nilaga','2025-01-17'),
(180,'Sinabawangisda','isda sinabawan','2025-01-17'),
(181,'ssfish','sweet and sour','2025-01-17'),
(182,'Bclexpress','Bicol Express','2025-01-17'),
(183,'rice25klg','rice','2025-01-17'),
(184,'ck','fried chicken','2025-01-17'),
(185,'Dinuguan','Dinuguan','2025-01-17'),
(186,'amp','ampalaya','2025-01-17'),
(187,'PorkSteak','Pork Steak','2025-01-18'),
(188,'adobo01','Adobo','2025-01-18'),
(189,'Bclexpress','Bicol Express','2025-01-18'),
(190,'langka','langka gulay','2025-01-18'),
(191,'rice25klg','rice','2025-01-18');

/*Table structure for table `expenses` */

DROP TABLE IF EXISTS `expenses`;

CREATE TABLE `expenses` (
  `expense_id` int(11) NOT NULL AUTO_INCREMENT,
  `expense_category` varchar(50) NOT NULL,
  `expense_amount` decimal(10,2) NOT NULL,
  `expense_date` date NOT NULL,
  `description` text DEFAULT NULL,
  `last_updated` timestamp NOT NULL DEFAULT current_timestamp() ON UPDATE current_timestamp(),
  `IsDeleted` tinyint(1) DEFAULT 0,
  PRIMARY KEY (`expense_id`)
) ENGINE=InnoDB AUTO_INCREMENT=6 DEFAULT CHARSET=utf8mb4;

/*Data for the table `expenses` */

insert  into `expenses`(`expense_id`,`expense_category`,`expense_amount`,`expense_date`,`description`,`last_updated`,`IsDeleted`) values 
(1,'Miscelleneous',100.00,'2024-12-07','N/A','2024-12-07 00:00:00',0),
(2,'Rent',13500.00,'2024-12-16','','2024-12-16 00:00:00',0),
(3,'Employee Salaries',21000.00,'2025-01-06','\r\n','2025-01-06 00:00:00',0),
(4,'Insurance',5550.00,'2025-01-06','philhealth','2025-01-14 00:00:00',0),
(5,'Insurance',4200.00,'2025-01-06','sss','2025-01-14 00:00:00',0);

/*Table structure for table `meals` */

DROP TABLE IF EXISTS `meals`;

CREATE TABLE `meals` (
  `MealID` int(11) NOT NULL AUTO_INCREMENT,
  `MealCode` varchar(50) NOT NULL,
  `MealName` varchar(100) NOT NULL,
  `TotalCost` decimal(10,2) DEFAULT NULL,
  `SellingPrice` decimal(10,2) NOT NULL,
  `DateAdded` date NOT NULL,
  `LastUpdated` datetime NOT NULL DEFAULT current_timestamp() ON UPDATE current_timestamp(),
  `IsDeleted` tinyint(1) NOT NULL DEFAULT 0,
  PRIMARY KEY (`MealID`),
  UNIQUE KEY `MealCode` (`MealCode`)
) ENGINE=InnoDB AUTO_INCREMENT=18 DEFAULT CHARSET=utf8mb4;

/*Data for the table `meals` */

insert  into `meals`(`MealID`,`MealCode`,`MealName`,`TotalCost`,`SellingPrice`,`DateAdded`,`LastUpdated`,`IsDeleted`) values 
(1,'Pork1','Adobo',1000.00,100.00,'2024-12-07','2024-12-08 20:13:37',1),
(2,'PorkSteak','Pork Steak',1500.00,150.00,'2024-12-15','2025-01-18 14:55:14',0),
(3,'Igado','igado',600.00,100.00,'2024-12-15','2024-12-15 00:00:00',0),
(4,'adobo01','Adobo',900.00,100.00,'2024-12-15','2024-12-16 07:40:21',0),
(5,'pakbet','pakbet gulay',240.00,50.00,'2024-12-15','2024-12-15 00:00:00',0),
(6,'langka','langka gulay',240.00,50.00,'2024-12-15','2024-12-15 00:00:00',0),
(7,'Nilagangbaboy','Nilaga',2000.00,150.00,'2024-12-15','2024-12-15 00:00:00',0),
(8,'Sinabawangisda','isda sinabawan',1200.00,130.00,'2024-12-15','2024-12-15 00:00:00',0),
(9,'ffx3parts','fried fish',480.00,80.00,'2024-12-16','2024-12-16 07:35:59',0),
(10,'ssfish','sweet and sour',480.00,100.00,'2024-12-16','2024-12-16 00:00:00',0),
(11,'gabigulay','gabi',300.00,50.00,'2024-12-16','2024-12-16 00:00:00',0),
(12,'Bclexpress','Bicol Express',500.00,100.00,'2024-12-16','2024-12-16 00:00:00',0),
(13,'rice25klg','rice',1350.00,20.00,'2024-12-16','2024-12-16 00:00:00',0),
(14,'menudo1','Menudo',480.00,100.00,'2024-12-16','2024-12-16 00:00:00',0),
(15,'ck','fried chicken',1200.00,100.00,'2024-12-19','2024-12-19 00:00:00',0),
(16,'amp','ampalaya',200.00,50.00,'2025-01-01','2025-01-01 00:00:00',0),
(17,'Dinuguan','Dinuguan',600.00,100.00,'2025-01-14','2025-01-14 00:00:00',0);

/*Table structure for table `product_stock_records` */

DROP TABLE IF EXISTS `product_stock_records`;

CREATE TABLE `product_stock_records` (
  `StockID` int(11) NOT NULL AUTO_INCREMENT,
  `ProductCode` varchar(50) NOT NULL,
  `StockAdded` int(11) DEFAULT 0,
  `ExpiryDate` date DEFAULT NULL,
  `StockRemoved` int(11) DEFAULT 0,
  `DateAdded` date DEFAULT NULL,
  PRIMARY KEY (`StockID`),
  KEY `ProductCode` (`ProductCode`),
  CONSTRAINT `product_stock_records_ibfk_1` FOREIGN KEY (`ProductCode`) REFERENCES `products` (`ProductCode`) ON DELETE CASCADE ON UPDATE CASCADE
) ENGINE=InnoDB AUTO_INCREMENT=97 DEFAULT CHARSET=utf8mb4;

/*Data for the table `product_stock_records` */

insert  into `product_stock_records`(`StockID`,`ProductCode`,`StockAdded`,`ExpiryDate`,`StockRemoved`,`DateAdded`) values 
(1,'TthBrsh',20,'2024-12-31',0,'2024-12-07'),
(2,'mineral 350ml',72,'2024-12-15',0,'2024-12-15'),
(3,'mineral 500ml',72,'2026-12-31',0,'2024-12-15'),
(4,'Assrtd Junk foods Big',30,'2024-12-15',0,'2024-12-15'),
(5,'Assrtd JF Small',30,'2024-12-15',0,'2024-12-15'),
(6,'Coke1',36,'2024-12-15',0,'2024-12-15'),
(7,'coke bote',120,'2026-12-31',0,'2024-12-15'),
(8,'sprite',48,'2024-12-15',0,'2024-12-15'),
(9,'sprite bote',72,'2028-01-07',0,'2024-12-15'),
(10,'royal bote',48,'2024-12-15',0,'2024-12-15'),
(11,'biscuit asrrtd',9,'2027-01-01',0,'2024-12-15'),
(12,'Biscuit assrtd 1',130,'2024-12-15',0,'2024-12-15'),
(13,'candyassrtd3x5',400,'2024-12-16',0,'2024-12-16'),
(14,'assrtdcupcake',30,'2027-12-01',0,'2024-12-16'),
(15,'cupnoodles',144,'2024-12-16',0,'2024-12-16'),
(16,'Assrtd Junk foods Big',30,'2034-10-01',0,'2024-12-17'),
(17,'mineral 500ml',48,'2030-07-17',0,'2024-12-17'),
(18,'mineral 500ml',24,'2027-04-15',0,'2024-12-17'),
(19,'mineral 350ml',72,'2031-11-01',0,'2024-12-17'),
(20,'Assrtd JF Small',30,'2032-06-17',0,'2024-12-17'),
(21,'Coke1',36,'2030-07-17',0,'2024-12-17'),
(22,'Assrtd Junk foods Big',60,'2026-07-01',0,'2024-12-19'),
(23,'Assrtd JF Small',30,'2030-11-01',0,'2024-12-19'),
(24,'Biscuit assrtd 1',50,'2030-01-19',0,'2024-12-19'),
(25,'Coke1',36,'2028-11-01',0,'2024-12-19'),
(26,'coke bote',120,'2030-07-01',0,'2024-12-19'),
(27,'sprite',24,'2026-07-23',0,'2024-12-19'),
(28,'assrtdcupcake',40,'2029-07-19',0,'2024-12-19'),
(29,'cupnoodles',144,'2031-11-19',0,'2024-12-19'),
(30,'mineral 350ml',125,'2029-01-01',0,'2025-01-01'),
(31,'mineral 500ml',125,'2029-01-01',0,'2025-01-01'),
(32,'Assrtd Junk foods Big',30,'2029-01-01',0,'2025-01-01'),
(33,'Assrtd JF Small',40,'2029-01-01',0,'2025-01-01'),
(34,'Assrtd Junk foods Big',5,'2029-01-01',0,'2025-01-01'),
(35,'Coke1',72,'2029-01-01',0,'2025-01-01'),
(36,'coke bote',48,'2029-01-01',0,'2025-01-01'),
(37,'royal bote',48,'2029-01-01',0,'2025-01-01'),
(39,'Assrtd JF Small',35,'2025-12-05',0,'2025-01-05'),
(40,'mineral 350ml',120,'2025-12-01',0,'2025-01-05'),
(41,'mineral 500ml',120,'2025-09-01',0,'2025-01-05'),
(42,'Assrtd Junk foods Big',30,'2025-12-05',0,'2025-01-05'),
(43,'Assrtd JF Small',40,'2026-04-05',0,'2025-01-05'),
(44,'Biscuit assrtd 1',60,'2025-12-01',0,'2025-01-05'),
(45,'cupnoodles',144,'2025-12-05',0,'2025-01-05'),
(46,'assrtdcupcake',30,'2026-01-05',0,'2025-01-05'),
(47,'candyassrtd3x5',220,'2095-01-05',0,'2025-01-05'),
(48,'mineral350ml',120,'2025-01-18',0,'2025-01-06'),
(49,'mineral500ml',120,'2025-01-29',0,'2025-01-06'),
(50,'jfBIG',40,'2025-03-06',0,'2025-01-06'),
(51,'JUNKFBIG',40,'2025-12-06',0,'2025-01-06'),
(52,'COKEMISMO',60,'2025-11-06',0,'2025-01-06'),
(53,'cupnoodlesassrtd',144,'2025-01-06',0,'2025-01-06'),
(54,'assrtdcupcake',30,'2025-11-08',0,'2025-01-08'),
(55,'cokeinabottle',72,'2025-01-30',0,'2025-01-08'),
(56,'jfBIG',15,'2025-01-31',0,'2025-01-08'),
(57,'JUNKFBIG',30,'2025-01-31',0,'2025-01-08'),
(58,'COKEMISMO',40,'2025-01-30',0,'2025-01-08'),
(59,'Bottledsprite',48,'2030-01-10',0,'2025-01-10'),
(60,'GlassSprite',72,'2030-01-10',0,'2025-01-10'),
(61,'cupnoodlesassrtd',96,'2030-01-10',0,'2025-01-10'),
(62,'COKEMISMO',36,'2030-01-10',0,'2025-01-10'),
(63,'cokeinabottle',48,'2029-01-10',0,'2025-01-10'),
(64,'jfBIG',22,'2025-11-12',0,'2025-01-12'),
(65,'cupcakes1',60,'2026-12-12',0,'2025-01-12'),
(66,'candies2x5',200,'2029-01-12',0,'2025-01-12'),
(67,'Biscuitsassrtd',50,'2029-01-12',0,'2025-01-12'),
(68,'RoyalMismo',72,'2029-01-12',0,'2025-01-12'),
(69,'mineral500ml',48,'2029-01-12',0,'2025-01-12'),
(70,'COKEMISMO',42,'2029-01-12',0,'2025-01-12'),
(71,'jfBIG',35,'2029-01-13',0,'2025-01-13'),
(72,'JUNKFBIG',35,'2029-01-21',0,'2025-01-13'),
(73,'cupnoodlesassrtd',192,'2029-01-13',0,'2025-01-13'),
(74,'cokeinabottle',120,'2029-01-13',0,'2025-01-13'),
(75,'Bottledsprite',72,'2029-01-13',0,'2025-01-13'),
(76,'GlassSprite',72,'2029-01-13',0,'2025-01-13'),
(77,'cupcakes1',50,'2029-01-13',0,'2025-01-13'),
(78,'Biscuitsassrtd',50,'2029-01-13',0,'2025-01-13'),
(79,'mineral350ml',120,'2029-12-15',0,'2025-01-15'),
(80,'mineral500ml',120,'2029-01-15',0,'2025-01-15'),
(81,'jfBIG',45,'2029-01-15',0,'2025-01-15'),
(82,'JUNKFBIG',30,'2029-01-15',0,'2025-01-15'),
(83,'COKEMISMO',60,'2029-01-15',0,'2025-01-15'),
(84,'candies2x5',280,'2029-01-16',0,'2025-01-16'),
(85,'cupnoodlesassrtd',96,'2029-01-16',0,'2025-01-16'),
(86,'COKEMISMO',24,'2029-01-16',0,'2025-01-16'),
(87,'coffeetwin',60,'2029-01-17',0,'2025-01-17'),
(88,'mineral350ml',92,'2029-01-17',0,'2025-01-17'),
(89,'mineral500ml',92,'2029-01-17',0,'2025-01-17'),
(90,'jfBIG',33,'2040-01-17',0,'2025-01-17'),
(91,'JUNKFBIG',30,'2029-01-17',0,'2025-01-17'),
(92,'COKEMISMO',60,'2029-01-17',0,'2025-01-17'),
(93,'cokeinabottle',72,'2033-01-17',0,'2025-01-17'),
(94,'cupcakes1',30,'2029-01-17',0,'2025-01-17'),
(95,'Biscuitsassrtd',30,'2029-01-17',0,'2025-01-17'),
(96,'RoyalMismo',24,'2030-01-17',0,'2025-01-17');

/*Table structure for table `products` */

DROP TABLE IF EXISTS `products`;

CREATE TABLE `products` (
  `ProductID` int(11) NOT NULL AUTO_INCREMENT,
  `ProductCode` varchar(50) NOT NULL,
  `ProductName` varchar(100) NOT NULL,
  `UnitPrice` decimal(10,2) NOT NULL,
  `CostPrice` decimal(10,2) NOT NULL,
  `Stocks` int(11) DEFAULT NULL,
  `DateAdded` date DEFAULT curdate(),
  `StockLevel` int(11) DEFAULT 0,
  `LastUpdated` date DEFAULT NULL,
  `IsDeleted` tinyint(1) NOT NULL DEFAULT 0,
  `Category` varchar(255) DEFAULT NULL,
  PRIMARY KEY (`ProductID`),
  UNIQUE KEY `ProductCode` (`ProductCode`)
) ENGINE=InnoDB AUTO_INCREMENT=30 DEFAULT CHARSET=utf8mb4;

/*Data for the table `products` */

insert  into `products`(`ProductID`,`ProductCode`,`ProductName`,`UnitPrice`,`CostPrice`,`Stocks`,`DateAdded`,`StockLevel`,`LastUpdated`,`IsDeleted`,`Category`) values 
(1,'TthBrsh','Tooth Brush',50.00,30.00,6,'2024-12-07',0,'2024-12-07',1,'Personal Care'),
(2,'mineral 350ml','Mineral 1',20.00,450.00,20,'2024-12-15',0,'2024-12-15',1,'Beverage'),
(3,'mineral 500ml','Mineral 2',30.00,510.00,43,'2024-12-15',0,'2025-01-04',1,'Beverage'),
(4,'Assrtd Junk foods Big','Junk Foods B',50.00,1000.00,0,'2024-12-15',0,'2024-12-15',1,'Snacks'),
(5,'Assrtd JF Small','Junk foods S',30.00,1000.00,25,'2024-12-15',0,'2024-12-15',1,'Snacks'),
(6,'Coke1','Coke',40.00,585.00,6,'2024-12-15',0,'2024-12-15',1,'Beverage'),
(7,'coke bote','coke 2',25.00,875.00,15,'2024-12-15',0,'2024-12-15',1,'Beverage'),
(8,'sprite','Sprite1',40.00,370.00,21,'2024-12-15',0,'2024-12-15',1,'-- SELECT CATEGORY -- '),
(9,'sprite bote','Sprite',25.00,525.00,23,'2024-12-15',0,'2024-12-15',1,'Beverage'),
(10,'royal bote','royal',25.00,350.00,41,'2024-12-15',0,'2024-12-15',1,'Beverage'),
(11,'biscuit asrrtd','Biscuit',10.00,1200.00,0,'2024-12-15',0,'2024-12-15',1,'Snacks'),
(12,'Biscuit assrtd 1','Biscuit 1',15.00,1200.00,37,'2024-12-15',0,'2024-12-15',1,'Snacks'),
(13,'candyassrtd3x5','candy',5.00,500.00,132,'2024-12-16',0,'2024-12-16',1,'Snacks'),
(14,'assrtdcupcake','cupcake',15.00,350.00,81,'2024-12-16',0,'2024-12-16',1,'Snacks'),
(15,'cupnoodles','cup noodles',50.00,22.00,71,'2024-12-16',0,'2025-01-05',1,'Snacks'),
(16,'mineral350ml','mineral',20.00,9.00,86,'2025-01-06',0,'2025-01-06',0,'Beverage'),
(17,'mineral500ml','mineral2',30.00,12.00,104,'2025-01-06',0,'2025-01-06',0,'Beverage'),
(18,'jfBIG','junk food',30.00,19.00,43,'2025-01-06',0,'2025-01-06',0,'Snacks'),
(19,'JUNKFBIG','JUNKFOOD',50.00,37.00,29,'2025-01-06',0,'2025-01-06',0,'Snacks'),
(20,'COKEMISMO','COKE1',40.00,20.00,53,'2025-01-06',0,'2025-01-06',0,'Beverage'),
(21,'cupnoodlesassrtd','cupnoodles',50.00,23.00,72,'2025-01-06',0,'2025-01-06',0,'Snacks'),
(22,'cokeinabottle','coke2',20.00,10.00,58,'2025-01-08',0,'2025-01-08',0,'Beverage'),
(23,'Bottledsprite','BotSprite',40.00,25.00,24,'2025-01-10',0,'2025-01-10',0,'Beverage'),
(24,'GlassSprite','Gsprite',25.00,15.00,48,'2025-01-10',0,'2025-01-10',0,'Beverage'),
(25,'cupcakes1','cupcake1',15.00,10.00,41,'2025-01-12',0,'2025-01-16',0,'Snacks'),
(26,'candies2x5','candies',3.00,2.00,132,'2025-01-12',0,'2025-01-12',0,'Snacks'),
(27,'Biscuitsassrtd','biscuitassrtd',15.00,8.00,32,'2025-01-12',0,'2025-01-12',0,'Snacks'),
(28,'RoyalMismo','RoyalM',40.00,22.00,30,'2025-01-12',0,'2025-01-12',0,'Beverage'),
(29,'coffeetwin','coffee',25.00,8.00,16,'2025-01-17',0,'2025-01-17',0,'Beverage');

/*Table structure for table `saleitems` */

DROP TABLE IF EXISTS `saleitems`;

CREATE TABLE `saleitems` (
  `SaleItemID` int(11) NOT NULL AUTO_INCREMENT,
  `SaleID` int(11) DEFAULT NULL,
  `ItemCode` varchar(50) DEFAULT NULL,
  `ItemName` varchar(100) DEFAULT NULL,
  `Quantity` int(11) NOT NULL,
  `UnitPrice` decimal(10,2) NOT NULL,
  `TotalPrice` decimal(10,2) NOT NULL,
  `ItemType` varchar(20) NOT NULL,
  PRIMARY KEY (`SaleItemID`),
  KEY `SaleID` (`SaleID`),
  CONSTRAINT `saleitems_ibfk_1` FOREIGN KEY (`SaleID`) REFERENCES `sales` (`SaleID`) ON DELETE CASCADE
) ENGINE=InnoDB AUTO_INCREMENT=405 DEFAULT CHARSET=utf8mb4;

/*Data for the table `saleitems` */

insert  into `saleitems`(`SaleItemID`,`SaleID`,`ItemCode`,`ItemName`,`Quantity`,`UnitPrice`,`TotalPrice`,`ItemType`) values 
(1,1,'TthBrsh','Tooth Brush',10,50.00,500.00,'Product'),
(2,2,'Pork1','Adobo',12,100.00,1200.00,'Meal'),
(3,3,'Pork1','Adobo',1,100.00,100.00,'Meal'),
(4,4,'mineral 350ml','Mineral 1',12,20.00,240.00,'Product'),
(5,4,'mineral 500ml','Mineral 2',20,30.00,600.00,'Product'),
(6,4,'Assrtd Junk foods Big','Junk Foods B',8,50.00,400.00,'Product'),
(7,4,'Assrtd JF Small','Junk foods S',11,30.00,330.00,'Product'),
(8,4,'Assrtd Junk foods Big','Junk Foods B',8,50.00,400.00,'Product'),
(9,4,'Coke1','Coke',11,40.00,440.00,'Product'),
(10,4,'coke bote','coke 2',16,25.00,400.00,'Product'),
(11,4,'sprite','Sprite1',6,40.00,240.00,'Product'),
(12,4,'sprite bote','Sprite',14,25.00,350.00,'Product'),
(13,4,'royal bote','royal',7,25.00,175.00,'Product'),
(14,5,'adobo01','Adovo',12,100.00,1200.00,'Meal'),
(15,5,'Sinabawangisda','isda sinabawan',8,130.00,1040.00,'Meal'),
(16,6,'Nilagangbaboy','Nilaga',7,150.00,1050.00,'Meal'),
(17,6,'Sinabawangisda','isda sinabawan',5,130.00,650.00,'Meal'),
(18,6,'pakbet','pakbet gulay',8,50.00,400.00,'Meal'),
(19,6,'PorkSteak','Pork Steak',10,100.00,1000.00,'Meal'),
(20,6,'adobo01','Adovo',5,100.00,500.00,'Meal'),
(21,7,'Biscuit assrtd 1','Biscuit 1',67,15.00,1005.00,'Product'),
(22,7,'sprite bote','Sprite',6,25.00,150.00,'Product'),
(23,7,'royal bote','royal',11,25.00,275.00,'Product'),
(24,7,'coke bote','coke 2',23,25.00,575.00,'Product'),
(25,7,'Coke1','Coke',11,40.00,440.00,'Product'),
(26,7,'Assrtd JF Small','Junk foods S',11,30.00,330.00,'Product'),
(27,7,'Assrtd Junk foods Big','Junk Foods B',9,50.00,450.00,'Product'),
(28,7,'mineral 500ml','Mineral 2',27,30.00,810.00,'Product'),
(29,8,'adobo01','Adovo',8,100.00,800.00,'Meal'),
(30,8,'Sinabawangisda','isda sinabawan',5,130.00,650.00,'Meal'),
(31,8,'PorkSteak','Pork Steak',12,100.00,1200.00,'Meal'),
(32,9,'Nilagangbaboy','Nilaga',11,150.00,1650.00,'Meal'),
(33,9,'pakbet','pakbet gulay',6,50.00,300.00,'Meal'),
(34,10,'cupnoodles','cup noodles',14,50.00,700.00,'Product'),
(35,10,'Biscuit assrtd 1','Biscuit 1',16,15.00,240.00,'Product'),
(36,10,'mineral 500ml','Mineral 2',9,30.00,270.00,'Product'),
(37,10,'mineral 350ml','Mineral 1',12,20.00,240.00,'Product'),
(38,10,'candyassrtd3x5','candy',7,5.00,35.00,'Product'),
(39,10,'Assrtd Junk foods Big','Junk Foods B',3,50.00,150.00,'Product'),
(40,10,'coke bote','coke 2',14,25.00,350.00,'Product'),
(41,11,'PorkSteak','Pork Steak',6,100.00,600.00,'Meal'),
(42,11,'Bclexpress','Bicol Express',10,100.00,1000.00,'Meal'),
(43,11,'rice25klg','rice',22,20.00,440.00,'Meal'),
(44,11,'ssfish','sweet and sour',7,100.00,700.00,'Meal'),
(45,11,'Sinabawangisda','isda sinabawan',6,130.00,780.00,'Meal'),
(46,11,'Bclexpress','Bicol Express',24,100.00,2400.00,'Meal'),
(47,12,'Sinabawangisda','isda sinabawan',6,130.00,780.00,'Meal'),
(48,12,'Bclexpress','Bicol Express',7,100.00,700.00,'Meal'),
(49,13,'rice25klg','rice',14,20.00,280.00,'Meal'),
(50,14,'langka','langka gulay',11,50.00,550.00,'Meal'),
(51,15,'Nilagangbaboy','Nilaga',13,150.00,1950.00,'Meal'),
(52,15,'rice25klg','rice',39,20.00,780.00,'Meal'),
(53,15,'Igado','igado',8,100.00,800.00,'Meal'),
(54,15,'PorkSteak','Pork Steak',17,100.00,1700.00,'Meal'),
(55,15,'Sinabawangisda','isda sinabawan',17,130.00,2210.00,'Meal'),
(56,15,'Nilagangbaboy','Nilaga',10,150.00,1500.00,'Meal'),
(57,15,'ssfish','sweet and sour',8,100.00,800.00,'Meal'),
(58,15,'pakbet','pakbet gulay',9,50.00,450.00,'Meal'),
(59,15,'Bclexpress','Bicol Express',9,100.00,900.00,'Meal'),
(60,16,'mineral 350ml','Mineral 1',24,20.00,480.00,'Product'),
(61,16,'mineral 500ml','Mineral 2',15,30.00,450.00,'Product'),
(62,16,'Assrtd Junk foods Big','Junk Foods B',2,50.00,100.00,'Product'),
(63,16,'Coke1','Coke',12,40.00,480.00,'Product'),
(64,16,'coke bote','coke 2',39,25.00,975.00,'Product'),
(65,16,'sprite','Sprite1',10,40.00,400.00,'Product'),
(66,16,'sprite bote','Sprite',29,25.00,725.00,'Product'),
(67,16,'candyassrtd3x5','candy',100,5.00,500.00,'Product'),
(68,16,'assrtdcupcake','cupcake',16,15.00,240.00,'Product'),
(69,16,'cupnoodles','cup noodles',29,50.00,1450.00,'Product'),
(70,17,'Biscuit assrtd 1','Biscuit 1',25,15.00,375.00,'Product'),
(71,18,'cupnoodles','cup noodles',16,50.00,800.00,'Product'),
(72,19,'cupnoodles','cup noodles',31,50.00,1550.00,'Product'),
(73,20,'pakbet','pakbet gulay',15,50.00,750.00,'Meal'),
(74,20,'PorkSteak','Pork Steak',18,100.00,1800.00,'Meal'),
(75,20,'rice25klg','rice',12,20.00,240.00,'Meal'),
(76,20,'rice25klg','rice',30,20.00,600.00,'Meal'),
(77,20,'Nilagangbaboy','Nilaga',11,150.00,1650.00,'Meal'),
(78,20,'Sinabawangisda','isda sinabawan',10,130.00,1300.00,'Meal'),
(79,20,'adobo01','Adobo',13,100.00,1300.00,'Meal'),
(80,20,'rice25klg','rice',24,20.00,480.00,'Meal'),
(81,20,'rice25klg','rice',25,20.00,500.00,'Meal'),
(82,20,'ssfish','sweet and sour',14,100.00,1400.00,'Meal'),
(83,20,'Bclexpress','Bicol Express',12,100.00,1200.00,'Meal'),
(84,21,'mineral 350ml','Mineral 1',31,20.00,620.00,'Product'),
(85,21,'mineral 500ml','Mineral 2',16,30.00,480.00,'Product'),
(86,21,'Assrtd Junk foods Big','Junk Foods B',10,50.00,500.00,'Product'),
(87,21,'Assrtd JF Small','Junk foods S',13,30.00,390.00,'Product'),
(88,21,'Coke1','Coke',13,40.00,520.00,'Product'),
(89,21,'coke bote','coke 2',9,25.00,225.00,'Product'),
(90,21,'candyassrtd3x5','candy',100,5.00,500.00,'Product'),
(91,21,'assrtdcupcake','cupcake',5,15.00,75.00,'Product'),
(92,21,'biscuit asrrtd','Biscuit',9,10.00,90.00,'Product'),
(93,21,'Biscuit assrtd 1','Biscuit 1',14,15.00,210.00,'Product'),
(94,22,'PorkSteak','Pork Steak',25,100.00,2500.00,'Meal'),
(95,22,'Igado','igado',30,100.00,3000.00,'Meal'),
(96,22,'adobo01','Adobo',35,100.00,3500.00,'Meal'),
(97,22,'rice25klg','rice',54,20.00,1080.00,'Meal'),
(98,22,'ffx3parts','fried fish',21,80.00,1680.00,'Meal'),
(99,22,'Nilagangbaboy','Nilaga',20,150.00,3000.00,'Meal'),
(100,22,'Sinabawangisda','isda sinabawan',30,130.00,3900.00,'Meal'),
(101,22,'Bclexpress','Bicol Express',20,100.00,2000.00,'Meal'),
(102,23,'mineral 350ml','Mineral 1',60,20.00,1200.00,'Product'),
(103,23,'mineral 500ml','Mineral 2',54,30.00,1620.00,'Product'),
(104,23,'Assrtd Junk foods Big','Junk Foods B',50,50.00,2500.00,'Product'),
(105,23,'Assrtd JF Small','Junk foods S',50,30.00,1500.00,'Product'),
(106,23,'Coke1','Coke',55,40.00,2200.00,'Product'),
(107,23,'coke bote','coke 2',100,25.00,2500.00,'Product'),
(108,23,'cupnoodles','cup noodles',100,50.00,5000.00,'Product'),
(109,23,'candyassrtd3x5','candy',100,5.00,500.00,'Product'),
(110,23,'Biscuit assrtd 1','Biscuit 1',30,15.00,450.00,'Product'),
(111,23,'royal bote','royal',22,25.00,550.00,'Product'),
(112,24,'Assrtd Junk foods Big','Junk Foods B',25,50.00,1250.00,'Product'),
(113,25,'Igado','igado',7,100.00,700.00,'Meal'),
(114,26,'PorkSteak','Pork Steak',10,100.00,1000.00,'Meal'),
(115,26,'Igado','igado',1,100.00,100.00,'Meal'),
(116,26,'adobo01','Adobo',10,100.00,1000.00,'Meal'),
(117,26,'pakbet','pakbet gulay',15,50.00,750.00,'Meal'),
(118,26,'Sinabawangisda','isda sinabawan',8,130.00,1040.00,'Meal'),
(119,26,'rice25klg','rice',40,20.00,800.00,'Meal'),
(120,26,'amp','ampalaya',10,50.00,500.00,'Meal'),
(121,27,'mineral 350ml','Mineral 1',30,20.00,600.00,'Product'),
(122,27,'mineral 500ml','Mineral 2',20,30.00,600.00,'Product'),
(123,27,'Assrtd Junk foods Big','Junk Foods B',8,50.00,400.00,'Product'),
(124,27,'Assrtd JF Small','Junk foods S',12,30.00,360.00,'Product'),
(125,27,'Coke1','Coke',10,40.00,400.00,'Product'),
(126,27,'Biscuit assrtd 1','Biscuit 1',22,15.00,330.00,'Product'),
(127,27,'candyassrtd3x5','candy',33,5.00,165.00,'Product'),
(128,27,'cupnoodles','cup noodles',20,50.00,1000.00,'Product'),
(129,28,'mineral 350ml','Mineral 1',67,20.00,1340.00,'Product'),
(130,28,'mineral 500ml','Mineral 2',45,30.00,1350.00,'Product'),
(131,28,'Assrtd JF Small','Junk foods S',18,30.00,540.00,'Product'),
(132,28,'Assrtd Junk foods Big','Junk Foods B',12,50.00,600.00,'Product'),
(133,28,'Coke1','Coke',32,40.00,1280.00,'Product'),
(134,28,'coke bote','coke 2',16,25.00,400.00,'Product'),
(135,28,'royal bote','royal',15,25.00,375.00,'Product'),
(136,28,'candyassrtd3x5','candy',33,5.00,165.00,'Product'),
(137,28,'assrtdcupcake','cupcake',11,15.00,165.00,'Product'),
(138,28,'cupnoodles','cup noodles',18,50.00,900.00,'Product'),
(139,29,'PorkSteak','Pork Steak',11,100.00,1100.00,'Meal'),
(140,29,'adobo01','Adobo',9,100.00,900.00,'Meal'),
(141,29,'Nilagangbaboy','Nilaga',8,150.00,1200.00,'Meal'),
(142,29,'Sinabawangisda','isda sinabawan',7,130.00,910.00,'Meal'),
(143,29,'ssfish','sweet and sour',3,100.00,300.00,'Meal'),
(144,29,'gabigulay','gabi',10,50.00,500.00,'Meal'),
(145,29,'Bclexpress','Bicol Express',14,100.00,1400.00,'Meal'),
(146,29,'rice25klg','rice',33,20.00,660.00,'Meal'),
(147,29,'ck','fried chicken',12,100.00,1200.00,'Meal'),
(148,29,'amp','ampalaya',14,50.00,700.00,'Meal'),
(149,30,'mineral 350ml','Mineral 1',15,20.00,300.00,'Product'),
(150,30,'mineral 500ml','Mineral 2',22,30.00,660.00,'Product'),
(151,30,'Assrtd Junk foods Big','Junk Foods B',6,50.00,300.00,'Product'),
(152,30,'Assrtd JF Small','Junk foods S',17,30.00,510.00,'Product'),
(153,30,'coke bote','coke 2',17,25.00,425.00,'Product'),
(154,30,'sprite','Sprite1',11,40.00,440.00,'Product'),
(155,30,'candyassrtd3x5','candy',15,5.00,75.00,'Product'),
(156,30,'assrtdcupcake','cupcake',17,15.00,255.00,'Product'),
(157,30,'cupnoodles','cup noodles',33,50.00,1650.00,'Product'),
(158,31,'PorkSteak','Pork Steak',7,100.00,700.00,'Meal'),
(159,31,'langka','langka gulay',11,50.00,550.00,'Meal'),
(160,31,'Nilagangbaboy','Nilaga',8,150.00,1200.00,'Meal'),
(161,31,'Sinabawangisda','isda sinabawan',11,130.00,1430.00,'Meal'),
(162,31,'gabigulay','gabi',12,50.00,600.00,'Meal'),
(163,31,'rice25klg','rice',34,20.00,680.00,'Meal'),
(164,31,'menudo1','Menudo',9,100.00,900.00,'Meal'),
(165,31,'ck','fried chicken',31,100.00,3100.00,'Meal'),
(166,31,'amp','ampalaya',16,50.00,800.00,'Meal'),
(167,31,'PorkSteak','Pork Steak',6,100.00,600.00,'Meal'),
(168,32,'TthBrsh','Tooth Brush',2,50.00,100.00,'Product'),
(169,32,'mineral 350ml','Mineral 1',100,20.00,2000.00,'Product'),
(170,32,'mineral 500ml','Mineral 2',82,30.00,2460.00,'Product'),
(171,32,'Assrtd Junk foods Big','Junk Foods B',22,50.00,1100.00,'Product'),
(172,32,'Assrtd JF Small','Junk foods S',31,30.00,930.00,'Product'),
(173,32,'Coke1','Coke',30,40.00,1200.00,'Product'),
(174,32,'coke bote','coke 2',39,25.00,975.00,'Product'),
(175,32,'sprite','Sprite1',24,40.00,960.00,'Product'),
(176,32,'Biscuit assrtd 1','Biscuit 1',29,15.00,435.00,'Product'),
(177,32,'candyassrtd3x5','candy',100,5.00,500.00,'Product'),
(178,32,'cupnoodles','cup noodles',100,50.00,5000.00,'Product'),
(179,33,'PorkSteak','Pork Steak',33,100.00,3300.00,'Meal'),
(180,33,'adobo01','Adobo',29,100.00,2900.00,'Meal'),
(181,33,'pakbet','pakbet gulay',19,50.00,950.00,'Meal'),
(182,33,'Nilagangbaboy','Nilaga',32,150.00,4800.00,'Meal'),
(183,33,'Sinabawangisda','isda sinabawan',26,130.00,3380.00,'Meal'),
(184,33,'Bclexpress','Bicol Express',42,100.00,4200.00,'Meal'),
(185,33,'rice25klg','rice',98,20.00,1960.00,'Meal'),
(186,33,'ck','fried chicken',67,100.00,6700.00,'Meal'),
(187,33,'amp','ampalaya',22,50.00,1100.00,'Meal'),
(188,34,'mineral350ml','mineral',40,20.00,800.00,'Product'),
(189,34,'mineral500ml','mineral2',34,30.00,1020.00,'Product'),
(190,34,'jfBIG','junk food',12,30.00,360.00,'Product'),
(191,34,'JUNKFBIG','JUNKFOOD',11,50.00,550.00,'Product'),
(192,34,'COKEMISMO','COKE1',23,40.00,920.00,'Product'),
(193,34,'cupnoodlesassrtd','cupnoodles',54,50.00,2700.00,'Product'),
(194,35,'Igado','igado',7,100.00,700.00,'Meal'),
(195,35,'adobo01','Adobo',13,100.00,1300.00,'Meal'),
(196,35,'pakbet','pakbet gulay',16,50.00,800.00,'Meal'),
(197,35,'langka','langka gulay',11,50.00,550.00,'Meal'),
(198,35,'Nilagangbaboy','Nilaga',20,150.00,3000.00,'Meal'),
(199,35,'Sinabawangisda','isda sinabawan',26,130.00,3380.00,'Meal'),
(200,35,'Bclexpress','Bicol Express',29,100.00,2900.00,'Meal'),
(201,35,'rice25klg','rice',78,20.00,1560.00,'Meal'),
(202,35,'menudo1','Menudo',26,100.00,2600.00,'Meal'),
(203,35,'Igado','igado',21,100.00,2100.00,'Meal'),
(204,35,'ck','fried chicken',42,100.00,4200.00,'Meal'),
(205,35,'amp','ampalaya',11,50.00,550.00,'Meal'),
(206,35,'rice25klg','rice',47,20.00,940.00,'Meal'),
(207,36,'PorkSteak','Pork Steak',22,100.00,2200.00,'Meal'),
(208,36,'Igado','igado',12,100.00,1200.00,'Meal'),
(209,36,'adobo01','Adobo',34,100.00,3400.00,'Meal'),
(210,36,'pakbet','pakbet gulay',22,50.00,1100.00,'Meal'),
(211,36,'Nilagangbaboy','Nilaga',24,150.00,3600.00,'Meal'),
(212,36,'Sinabawangisda','isda sinabawan',17,130.00,2210.00,'Meal'),
(213,36,'ffx3parts','fried fish',9,80.00,720.00,'Meal'),
(214,36,'gabigulay','gabi',14,50.00,700.00,'Meal'),
(215,36,'Bclexpress','Bicol Express',35,100.00,3500.00,'Meal'),
(216,36,'rice25klg','rice',87,20.00,1740.00,'Meal'),
(217,36,'rice25klg','rice',42,20.00,840.00,'Meal'),
(218,36,'menudo1','Menudo',18,100.00,1800.00,'Meal'),
(219,36,'ck','fried chicken',30,100.00,3000.00,'Meal'),
(220,36,'amp','ampalaya',15,50.00,750.00,'Meal'),
(221,36,'rice25klg','rice',50,20.00,1000.00,'Meal'),
(222,37,'mineral500ml','mineral2',32,30.00,960.00,'Product'),
(223,37,'jfBIG','junk food',21,30.00,630.00,'Product'),
(224,37,'JUNKFBIG','JUNKFOOD',11,50.00,550.00,'Product'),
(225,37,'COKEMISMO','COKE1',47,40.00,1880.00,'Product'),
(226,37,'cupnoodlesassrtd','cupnoodles',49,50.00,2450.00,'Product'),
(227,37,'cokeinabottle','coke2',31,20.00,620.00,'Product'),
(228,38,'PorkSteak','Pork Steak',12,100.00,1200.00,'Meal'),
(229,38,'Igado','igado',10,100.00,1000.00,'Meal'),
(230,38,'pakbet','pakbet gulay',16,50.00,800.00,'Meal'),
(231,38,'langka','langka gulay',9,50.00,450.00,'Meal'),
(232,38,'Nilagangbaboy','Nilaga',13,150.00,1950.00,'Meal'),
(233,38,'Sinabawangisda','isda sinabawan',22,130.00,2860.00,'Meal'),
(234,38,'gabigulay','gabi',11,50.00,550.00,'Meal'),
(235,38,'Bclexpress','Bicol Express',23,100.00,2300.00,'Meal'),
(236,38,'amp','ampalaya',10,50.00,500.00,'Meal'),
(237,38,'Nilagangbaboy','Nilaga',10,150.00,1500.00,'Meal'),
(238,38,'PorkSteak','Pork Steak',16,100.00,1600.00,'Meal'),
(239,39,'mineral500ml','mineral2',26,30.00,780.00,'Product'),
(240,39,'jfBIG','junk food',11,30.00,330.00,'Product'),
(241,39,'JUNKFBIG','JUNKFOOD',16,50.00,800.00,'Product'),
(242,39,'COKEMISMO','COKE1',39,40.00,1560.00,'Product'),
(243,39,'cupnoodlesassrtd','cupnoodles',49,50.00,2450.00,'Product'),
(244,39,'cokeinabottle','coke2',24,20.00,480.00,'Product'),
(245,39,'Bottledsprite','BotSprite',19,40.00,760.00,'Product'),
(246,39,'GlassSprite','Gsprite',26,25.00,650.00,'Product'),
(247,40,'rice25klg','rice',100,20.00,2000.00,'Meal'),
(248,41,'PorkSteak','Pork Steak',20,100.00,2000.00,'Meal'),
(249,41,'adobo01','Adobo',16,100.00,1600.00,'Meal'),
(250,41,'pakbet','pakbet gulay',11,50.00,550.00,'Meal'),
(251,41,'Nilagangbaboy','Nilaga',18,150.00,2700.00,'Meal'),
(252,41,'Sinabawangisda','isda sinabawan',20,130.00,2600.00,'Meal'),
(253,41,'gabigulay','gabi',13,50.00,650.00,'Meal'),
(254,41,'Bclexpress','Bicol Express',20,100.00,2000.00,'Meal'),
(255,41,'menudo1','Menudo',16,100.00,1600.00,'Meal'),
(256,41,'ck','fried chicken',32,100.00,3200.00,'Meal'),
(257,42,'rice25klg','rice',100,20.00,2000.00,'Meal'),
(258,43,'mineral 350ml','Mineral 1',16,20.00,320.00,'Product'),
(259,43,'mineral 500ml','Mineral 2',36,30.00,1080.00,'Product'),
(260,43,'Assrtd Junk foods Big','Junk Foods B',22,50.00,1100.00,'Product'),
(261,43,'Assrtd JF Small','Junk foods S',17,30.00,510.00,'Product'),
(262,44,'jfBIG','junk food',22,30.00,660.00,'Product'),
(263,44,'cupnoodlesassrtd','cupnoodles',46,50.00,2300.00,'Product'),
(264,44,'cokeinabottle','coke2',32,20.00,640.00,'Product'),
(265,44,'cupcakes1','cupcake1',23,15.00,345.00,'Product'),
(266,44,'candies2x5','candies',60,3.00,180.00,'Product'),
(267,44,'Biscuitsassrtd','biscuitassrtd',16,15.00,240.00,'Product'),
(268,44,'RoyalMismo','RoyalM',12,40.00,480.00,'Product'),
(269,45,'mineral350ml','mineral',42,20.00,840.00,'Product'),
(270,45,'mineral500ml','mineral2',56,30.00,1680.00,'Product'),
(271,45,'jfBIG','junk food',22,30.00,660.00,'Product'),
(272,45,'JUNKFBIG','JUNKFOOD',37,50.00,1850.00,'Product'),
(273,45,'COKEMISMO','COKE1',46,40.00,1840.00,'Product'),
(274,45,'cupnoodlesassrtd','cupnoodles',62,50.00,3100.00,'Product'),
(275,45,'cokeinabottle','coke2',43,20.00,860.00,'Product'),
(276,45,'GlassSprite','Gsprite',12,25.00,300.00,'Product'),
(277,45,'Bottledsprite','BotSprite',27,40.00,1080.00,'Product'),
(278,45,'cupcakes1','cupcake1',21,15.00,315.00,'Product'),
(279,45,'candies2x5','candies',60,3.00,180.00,'Product'),
(280,45,'Biscuitsassrtd','biscuitassrtd',26,15.00,390.00,'Product'),
(281,45,'RoyalMismo','RoyalM',17,40.00,680.00,'Product'),
(282,46,'PorkSteak','Pork Steak',23,100.00,2300.00,'Meal'),
(283,46,'Igado','igado',21,100.00,2100.00,'Meal'),
(284,46,'adobo01','Adobo',31,100.00,3100.00,'Meal'),
(285,46,'langka','langka gulay',15,50.00,750.00,'Meal'),
(286,46,'Nilagangbaboy','Nilaga',30,150.00,4500.00,'Meal'),
(287,46,'Sinabawangisda','isda sinabawan',25,130.00,3250.00,'Meal'),
(288,46,'ssfish','sweet and sour',18,100.00,1800.00,'Meal'),
(289,46,'gabigulay','gabi',15,50.00,750.00,'Meal'),
(290,46,'Bclexpress','Bicol Express',39,100.00,3900.00,'Meal'),
(291,46,'ck','fried chicken',47,100.00,4700.00,'Meal'),
(292,46,'rice25klg','rice',100,20.00,2000.00,'Meal'),
(293,46,'rice25klg','rice',100,20.00,2000.00,'Meal'),
(294,47,'PorkSteak','Pork Steak',22,100.00,2200.00,'Meal'),
(295,47,'Igado','igado',17,100.00,1700.00,'Meal'),
(296,47,'adobo01','Adobo',29,100.00,2900.00,'Meal'),
(297,47,'PorkSteak','Pork Steak',17,100.00,1700.00,'Meal'),
(298,47,'pakbet','pakbet gulay',15,50.00,750.00,'Meal'),
(299,47,'Nilagangbaboy','Nilaga',23,150.00,3450.00,'Meal'),
(300,47,'Sinabawangisda','isda sinabawan',28,130.00,3640.00,'Meal'),
(301,47,'ssfish','sweet and sour',12,100.00,1200.00,'Meal'),
(302,47,'Bclexpress','Bicol Express',32,100.00,3200.00,'Meal'),
(303,47,'menudo1','Menudo',11,100.00,1100.00,'Meal'),
(304,47,'ck','fried chicken',36,100.00,3600.00,'Meal'),
(305,47,'amp','ampalaya',16,50.00,800.00,'Meal'),
(306,47,'Dinuguan','Dinuguan',27,100.00,2700.00,'Meal'),
(307,47,'rice25klg','rice',100,20.00,2000.00,'Meal'),
(308,48,'mineral350ml','mineral',30,20.00,600.00,'Product'),
(309,48,'mineral500ml','mineral2',20,30.00,600.00,'Product'),
(310,48,'jfBIG','junk food',15,30.00,450.00,'Product'),
(311,48,'JUNKFBIG','JUNKFOOD',8,50.00,400.00,'Product'),
(312,48,'COKEMISMO','COKE1',23,40.00,920.00,'Product'),
(313,48,'cupnoodlesassrtd','cupnoodles',63,50.00,3150.00,'Product'),
(314,48,'cokeinabottle','coke2',29,20.00,580.00,'Product'),
(315,48,'Bottledsprite','BotSprite',5,40.00,200.00,'Product'),
(316,48,'GlassSprite','Gsprite',11,25.00,275.00,'Product'),
(317,48,'cupcakes1','cupcake1',18,15.00,270.00,'Product'),
(318,48,'candies2x5','candies',36,3.00,108.00,'Product'),
(319,48,'Biscuitsassrtd','biscuitassrtd',10,15.00,150.00,'Product'),
(320,48,'RoyalMismo','RoyalM',9,40.00,360.00,'Product'),
(321,49,'PorkSteak','Pork Steak',24,100.00,2400.00,'Meal'),
(322,49,'Igado','igado',22,100.00,2200.00,'Meal'),
(323,49,'pakbet','pakbet gulay',15,50.00,750.00,'Meal'),
(324,49,'langka','langka gulay',15,50.00,750.00,'Meal'),
(325,49,'Nilagangbaboy','Nilaga',26,150.00,3900.00,'Meal'),
(326,49,'Sinabawangisda','isda sinabawan',29,130.00,3770.00,'Meal'),
(327,49,'gabigulay','gabi',15,50.00,750.00,'Meal'),
(328,49,'Bclexpress','Bicol Express',24,100.00,2400.00,'Meal'),
(329,49,'ck','fried chicken',32,100.00,3200.00,'Meal'),
(330,49,'Dinuguan','Dinuguan',30,100.00,3000.00,'Meal'),
(331,49,'rice25klg','rice',100,20.00,2000.00,'Meal'),
(332,50,'mineral350ml','mineral',68,20.00,1360.00,'Product'),
(333,50,'mineral500ml','mineral2',42,30.00,1260.00,'Product'),
(334,50,'jfBIG','junk food',12,30.00,360.00,'Product'),
(335,50,'JUNKFBIG','JUNKFOOD',16,50.00,800.00,'Product'),
(336,50,'COKEMISMO','COKE1',21,40.00,840.00,'Product'),
(337,50,'cupnoodlesassrtd','cupnoodles',41,50.00,2050.00,'Product'),
(338,50,'cokeinabottle','coke2',26,20.00,520.00,'Product'),
(339,50,'Bottledsprite','BotSprite',9,40.00,360.00,'Product'),
(340,50,'GlassSprite','Gsprite',11,25.00,275.00,'Product'),
(341,50,'cupcakes1','cupcake1',10,15.00,150.00,'Product'),
(342,50,'candies2x5','candies',36,3.00,108.00,'Product'),
(343,50,'Biscuitsassrtd','biscuitassrtd',11,15.00,165.00,'Product'),
(344,50,'RoyalMismo','RoyalM',9,40.00,360.00,'Product'),
(345,51,'PorkSteak','Pork Steak',28,100.00,2800.00,'Meal'),
(346,51,'Igado','igado',16,100.00,1600.00,'Meal'),
(347,51,'adobo01','Adobo',22,100.00,2200.00,'Meal'),
(348,51,'pakbet','pakbet gulay',15,50.00,750.00,'Meal'),
(349,51,'Nilagangbaboy','Nilaga',29,150.00,4350.00,'Meal'),
(350,51,'Sinabawangisda','isda sinabawan',30,130.00,3900.00,'Meal'),
(351,51,'ssfish','sweet and sour',9,100.00,900.00,'Meal'),
(352,51,'gabigulay','gabi',15,50.00,750.00,'Meal'),
(353,51,'Bclexpress','Bicol Express',26,100.00,2600.00,'Meal'),
(354,51,'ck','fried chicken',33,100.00,3300.00,'Meal'),
(355,51,'Dinuguan','Dinuguan',25,100.00,2500.00,'Meal'),
(356,51,'rice25klg','rice',100,20.00,2000.00,'Meal'),
(357,52,'mineral350ml','mineral',32,20.00,640.00,'Product'),
(358,52,'mineral500ml','mineral2',36,30.00,1080.00,'Product'),
(359,52,'jfBIG','junk food',11,30.00,330.00,'Product'),
(360,52,'JUNKFBIG','JUNKFOOD',9,50.00,450.00,'Product'),
(361,52,'COKEMISMO','COKE1',36,40.00,1440.00,'Product'),
(362,52,'cupnoodlesassrtd','cupnoodles',43,50.00,2150.00,'Product'),
(363,52,'cokeinabottle','coke2',22,20.00,440.00,'Product'),
(364,52,'Bottledsprite','BotSprite',17,40.00,680.00,'Product'),
(365,52,'GlassSprite','Gsprite',24,25.00,600.00,'Product'),
(366,52,'cupcakes1','cupcake1',11,15.00,165.00,'Product'),
(367,52,'candies2x5','candies',63,3.00,189.00,'Product'),
(368,52,'Biscuitsassrtd','biscuitassrtd',20,15.00,300.00,'Product'),
(369,52,'RoyalMismo','RoyalM',10,40.00,400.00,'Product'),
(370,53,'PorkSteak','Pork Steak',30,100.00,3000.00,'Meal'),
(371,53,'Igado','igado',25,100.00,2500.00,'Meal'),
(372,53,'adobo01','Adobo',33,100.00,3300.00,'Meal'),
(373,53,'pakbet','pakbet gulay',15,50.00,750.00,'Meal'),
(374,53,'Nilagangbaboy','Nilaga',30,150.00,4500.00,'Meal'),
(375,53,'Sinabawangisda','isda sinabawan',28,130.00,3640.00,'Meal'),
(376,53,'ssfish','sweet and sour',12,100.00,1200.00,'Meal'),
(377,53,'Bclexpress','Bicol Express',38,100.00,3800.00,'Meal'),
(378,53,'menudo1','Menudo',22,100.00,2200.00,'Meal'),
(379,53,'ck','fried chicken',40,100.00,4000.00,'Meal'),
(380,53,'amp','ampalaya',15,50.00,750.00,'Meal'),
(381,53,'Dinuguan','Dinuguan',30,100.00,3000.00,'Meal'),
(382,53,'rice25klg','rice',100,20.00,2000.00,'Meal'),
(383,54,'mineral350ml','mineral',34,20.00,680.00,'Product'),
(384,54,'mineral500ml','mineral2',30,30.00,900.00,'Product'),
(385,54,'jfBIG','junk food',21,30.00,630.00,'Product'),
(386,54,'JUNKFBIG','JUNKFOOD',28,50.00,1400.00,'Product'),
(387,54,'COKEMISMO','COKE1',34,40.00,1360.00,'Product'),
(388,54,'cupnoodlesassrtd','cupnoodles',49,50.00,2450.00,'Product'),
(389,54,'cokeinabottle','coke2',47,20.00,940.00,'Product'),
(390,54,'Bottledsprite','BotSprite',19,40.00,760.00,'Product'),
(391,54,'GlassSprite','Gsprite',12,25.00,300.00,'Product'),
(392,54,'cupcakes1','cupcake1',16,15.00,240.00,'Product'),
(393,54,'candies2x5','candies',93,3.00,279.00,'Product'),
(394,54,'Biscuitsassrtd','biscuitassrtd',15,15.00,225.00,'Product'),
(395,54,'RoyalMismo','RoyalM',9,40.00,360.00,'Product'),
(396,54,'coffeetwin','coffee',44,25.00,1100.00,'Product'),
(397,55,'PorkSteak','Pork Steak',22,150.00,3300.00,'Meal'),
(398,55,'adobo01','Adobo',32,100.00,3200.00,'Meal'),
(399,55,'langka','langka gulay',15,50.00,750.00,'Meal'),
(400,55,'Bclexpress','Bicol Express',36,100.00,3600.00,'Meal'),
(401,56,'TthBrsh','Tooth Brush',1,50.00,50.00,'Product'),
(402,57,'rice25klg','rice',1,20.00,20.00,'Meal'),
(403,58,'TthBrsh','Tooth Brush',1,50.00,50.00,'Product'),
(404,59,'mineral 350ml','Mineral 1',2,20.00,40.00,'Product');

/*Table structure for table `sales` */

DROP TABLE IF EXISTS `sales`;

CREATE TABLE `sales` (
  `SaleID` int(11) NOT NULL AUTO_INCREMENT,
  `Date` date DEFAULT NULL,
  `TotalAmount` decimal(10,2) NOT NULL,
  `GrandTotal` decimal(10,2) NOT NULL,
  `SaleType` varchar(20) NOT NULL,
  PRIMARY KEY (`SaleID`)
) ENGINE=InnoDB AUTO_INCREMENT=60 DEFAULT CHARSET=utf8mb4;

/*Data for the table `sales` */

insert  into `sales`(`SaleID`,`Date`,`TotalAmount`,`GrandTotal`,`SaleType`) values 
(1,'2024-12-07',0.00,0.00,'Product'),
(2,'2024-12-07',0.00,0.00,'Meal'),
(3,'2024-12-07',0.00,0.00,'Meal'),
(4,'2024-12-15',0.00,0.00,'Product'),
(5,'2024-12-15',0.00,0.00,'Meal'),
(6,'2024-12-15',0.00,0.00,'Meal'),
(7,'2024-12-15',0.00,0.00,'Product'),
(8,'2024-12-15',0.00,0.00,'Meal'),
(9,'2024-12-15',0.00,0.00,'Meal'),
(10,'2024-12-16',0.00,0.00,'Product'),
(11,'2024-12-16',0.00,0.00,'Meal'),
(12,'2024-12-16',0.00,0.00,'Meal'),
(13,'2024-12-16',0.00,0.00,'Meal'),
(14,'2024-12-16',0.00,0.00,'Meal'),
(15,'2024-12-16',0.00,0.00,'Meal'),
(16,'2024-12-16',0.00,0.00,'Product'),
(17,'2024-12-16',0.00,0.00,'Product'),
(18,'2024-12-16',0.00,0.00,'Product'),
(19,'2024-12-17',0.00,0.00,'Product'),
(20,'2024-12-17',0.00,0.00,'Meal'),
(21,'2024-12-17',0.00,0.00,'Product'),
(22,'2024-12-19',0.00,0.00,'Meal'),
(23,'2024-12-19',0.00,0.00,'Product'),
(24,'2024-12-19',0.00,0.00,'Product'),
(25,'2025-01-01',0.00,0.00,'Meal'),
(26,'2025-01-01',0.00,0.00,'Meal'),
(27,'2025-01-01',0.00,0.00,'Product'),
(28,'2025-01-03',0.00,0.00,'Product'),
(29,'2025-01-03',0.00,0.00,'Meal'),
(30,'2025-01-04',0.00,0.00,'Product'),
(31,'2025-01-04',0.00,0.00,'Meal'),
(32,'2025-01-05',0.00,0.00,'Product'),
(33,'2025-01-05',0.00,0.00,'Meal'),
(34,'2025-01-06',0.00,0.00,'Product'),
(35,'2025-01-06',0.00,0.00,'Meal'),
(36,'2025-01-08',0.00,0.00,'Meal'),
(37,'2025-01-08',0.00,0.00,'Product'),
(38,'2025-01-10',0.00,0.00,'Meal'),
(39,'2025-01-10',0.00,0.00,'Product'),
(40,'2025-01-10',0.00,0.00,'Meal'),
(41,'2025-01-12',0.00,0.00,'Meal'),
(42,'2025-01-12',0.00,0.00,'Meal'),
(43,'2025-01-12',0.00,0.00,'Product'),
(44,'2025-01-12',0.00,0.00,'Product'),
(45,'2025-01-13',0.00,0.00,'Product'),
(46,'2025-01-13',0.00,0.00,'Meal'),
(47,'2025-01-14',0.00,0.00,'Meal'),
(48,'2025-01-14',0.00,0.00,'Product'),
(49,'2025-01-15',0.00,0.00,'Meal'),
(50,'2025-01-15',0.00,0.00,'Product'),
(51,'2025-01-16',0.00,0.00,'Meal'),
(52,'2025-01-16',0.00,0.00,'Product'),
(53,'2025-01-17',0.00,0.00,'Meal'),
(54,'2025-01-17',0.00,0.00,'Product'),
(55,'2025-01-18',0.00,0.00,'Meal'),
(56,'2025-01-18',0.00,0.00,'Product'),
(57,'2025-01-18',0.00,0.00,'Meal'),
(58,'2025-01-18',0.00,0.00,'Product'),
(59,'2025-01-18',0.00,0.00,'Product');

/*!40101 SET SQL_MODE=@OLD_SQL_MODE */;
/*!40014 SET FOREIGN_KEY_CHECKS=@OLD_FOREIGN_KEY_CHECKS */;
/*!40014 SET UNIQUE_CHECKS=@OLD_UNIQUE_CHECKS */;
/*!40111 SET SQL_NOTES=@OLD_SQL_NOTES */;
